{
  "model/formatter.js.map": 1734355468246,
  "controller/Customer.controller.js": 1734355019272,
  "model/formatter.js": 1734355275261,
  "controller/Worklist.controller.js": 1734355010796,
  "controller/Object.controller.js": 1734355013412,
  "controller/NotFound.controller.js": 1734355015136,
  "controller/ErrorHandler.js": 1734355016712,
  "model/models.js": 1734354690476,
  "controller/BaseController.js": 1734355020772,
  "controller/App.controller.js": 1734355022616,
  "manifest.json": 1734355468125,
  "Component.js": 1734355163181,
  "controller/NotFound-dbg.controller.js": 1734355015136,
  "controller/NotFound.controller.js.map": 1734355468245,
  "model/formatter-dbg.js": 1734355275261,
  "i18n/i18n.properties": 1734354714040,
  "controller/Worklist-dbg.controller.js": 1734355010796,
  "controller/Worklist.controller.js.map": 1734355468255,
  "controller/Object-dbg.controller.js": 1734355013412,
  "controller/Object.controller.js.map": 1734355468255,
  "controller/Customer-dbg.controller.js": 1734355019272,
  "controller/Customer.controller.js.map": 1734355468255,
  "controller/ErrorHandler-dbg.js": 1734355016712,
  "controller/ErrorHandler.js.map": 1734355468252,
  "model/models-dbg.js": 1734354690476,
  "model/models.js.map": 1734355468254,
  "controller/BaseController-dbg.js": 1734355020772,
  "controller/BaseController.js.map": 1734355468256,
  "controller/App-dbg.controller.js": 1734355022616,
  "controller/App.controller.js.map": 1734355468257,
  "Component-dbg.js": 1734355163181,
  "Component.js.map": 1734355468258,
  "Component-preload.js": 1734355468333,
  "Component-preload.js.map": 1734355468333,
  "view/Worklist.view.xml": 1734355078276,
  "view/ObjectNotFound.view.xml": 1734355073292,
  "view/Object.view.xml": 1734355068432,
  "view/NotFound.view.xml": 1734355062616,
  "view/Customer.view.xml": 1734355057820,
  "view/App.view.xml": 1734354880620,
  "css/style.css": 1734354690480,
  "index.html": 1734354690472
}